{
  "omnipath_prior": {
    "hpn": {
      "precision": 0.01107011070110701,
      "recall": 0.11538461538461539,
      "f1": 0.020202020202020204
    },
    "beeline": {
      "precision": 0.0006150061500615006,
      "recall": 0.020833333333333332,
      "f1": 0.0011947431302270013
    }
  },
  "trrust_prior": {
    "hpn": {
      "precision": 0.0012853470437017994,
      "recall": 0.00641025641025641,
      "f1": 0.002141327623126338
    },
    "beeline": {
      "precision": 0.007712082262210797,
      "recall": 0.125,
      "f1": 0.014527845036319613
    }
  },
  "random_3950": {
    "hpn": {
      "precision": 0.0,
      "recall": 0.0,
      "f1": 0.0
    },
    "beeline": {
      "precision": 0.0,
      "recall": 0.0,
      "f1": 0.0
    }
  },
  "_counts": {
    "omnipath_prior": 84547,
    "trrust_prior": 8406,
    "random_3950": 3950
  }
}