method,edges,hpn_precision,hpn_recall,hpn_f1,beeline_precision,beeline_recall,beeline_f1
omnipath_prior,84547,0.01107011070110701,0.11538461538461539,0.020202020202020204,0.0006150061500615006,0.020833333333333332,0.0011947431302270013
trrust_prior,8406,0.0012853470437017994,0.00641025641025641,0.002141327623126338,0.007712082262210797,0.125,0.014527845036319613
random_3950,3950,0.0,0.0,0.0,0.0,0.0,0.0
