method,edges,hpn_precision,hpn_recall,hpn_f1,beeline_precision,beeline_recall,beeline_f1
genie3,9410,0.0,0.0,0.0,0.0,0.0,0.0
grnboost2,8060,0.0,0.0,0.0,0.0,0.0,0.0
scenic_grnboost2,3488,0.0,0.0,0.0,0.0,0.0,0.0
pidc_proxy,15000,0.0,0.0,0.0,0.0,0.0,0.0
pearson,50000,0.0,0.0,0.0,0.0,0.0,0.0
spearman,50000,2.004008016032064e-05,0.0064102564102564,3.995525011986575e-05,0.0,0.0,0.0
random,50000,0.0,0.0,0.0,0.0,0.0,0.0
