factor,sum_sq_typeII,pct_total_ss
candidate_set,16.88671141842871,22.641068890103064
gold_standard,42.88016162957926,57.49211136601485
tag,0.4149732505750876,0.5563805598979552
method_family,0.20306279561980745,0.27225897516242253
Residual_full_model,14.131902496914307,18.947524479614064
Total,74.58442664696932,100.0
